name,gender,source
讗讘专讛诐,m,manual_seed
讗讘讬,m,manual_seed
讗讘讬讗诇,m,manual_seed
讗讘讬谞讜注诐,m,manual_seed
讗讘讬注讚,m,manual_seed
讗讘讬砖讬,m,manual_seed
讗讘谞专,m,manual_seed
讗讘讬讘,m,manual_seed
讗讘讬专谉,m,manual_seed
讗讘讬砖讙,f,manual_seed
讗讘讬讙讬诇,f,manual_seed
讗讘讬讛,f,manual_seed
讗讘讬讟诇,f,manual_seed
讗讘讬讘讬转,f,manual_seed
讗讘讬注讝专讗,m,manual_seed
讗讘专讬讗诇,m,manual_seed
讗讙诐,f,manual_seed
讗讚诐,m,manual_seed
讗讚诇,f,manual_seed
讗讚专,m,manual_seed
讗讚专讬讗谉,m,manual_seed
讗讛讜讚,m,manual_seed
讗讛专讜谉,m,manual_seed
讗讜讚讬,m,manual_seed
讗讜驻讬专,m,manual_seed
讗讜驻讬专讛,f,manual_seed
讗讜驻拽,m,manual_seed
讗讜专讬,m,manual_seed
讗讜专讬讗诇,m,manual_seed
讗讜专讬讛,f,manual_seed
讗讜专讬转,f,manual_seed
讗讜专谉,m,manual_seed
讗讜专谞讛,f,manual_seed
讗讜专诇讬,f,manual_seed
讗讜砖专,m,manual_seed
讗讜砖专转,f,manual_seed
讗讞讬谞讜注诐,f,manual_seed
讗讬讛,f,manual_seed
讗讬诇,m,manual_seed
讗讬讬诇讛,f,manual_seed
讗讬讬诇转,f,manual_seed
讗讬诇,m,manual_seed
讗讬诇谉,m,manual_seed
讗讬诇谞讛,f,manual_seed
讗讬诇谞讬转,f,manual_seed
讗讬谞讙讛,f,manual_seed
讗讬爪讬拽,m,manual_seed
讗讬专讬谞讛,f,manual_seed
讗讬转讬,m,manual_seed
讗讬转诪专,m,manual_seed
讗讬转谉,m,manual_seed
讗诇讜谉,m,manual_seed
讗诇讻住,m,manual_seed
讗诇讬,m,manual_seed
讗诇讬讗讘,m,manual_seed
讗诇讬讗讜专,m,manual_seed
讗诇讬讗诇,m,manual_seed
讗诇讬讛讜,m,manual_seed
讗诇讬住讛,f,manual_seed
讗诇讬注讝专,m,manual_seed
讗诇讬拽,m,manual_seed
讗诇讬拽讬诐,m,manual_seed
讗诇讬专讝,m,manual_seed
讗诇讬注谉,m,manual_seed
讗诇讬专谉,m,manual_seed
讗诇讬砖讘注,f,manual_seed
讗诇讬砖注,m,manual_seed
讗诇诪讜讙,m,manual_seed
讗诇注讚,m,manual_seed
讗诇注讝专,m,manual_seed
讗诪讬诇,m,manual_seed
讗诪讬诇讬,f,manual_seed
讗诪讬专,m,manual_seed
讗诪讬转讬,m,manual_seed
讗诪谞讜谉,m,manual_seed
讗谞讚讬,m,manual_seed
讗谞讛,f,manual_seed
讗谞讟,f,manual_seed
讗住讬,m,manual_seed
讗住讬祝,m,manual_seed
讗住谞转,f,manual_seed
讗住祝,m,manual_seed
讗住转专,f,manual_seed
讗驻专转,f,manual_seed
讗驻专讬诐,m,manual_seed
讗专讟讜专,m,manual_seed
讗专讬讗诇,m,manual_seed
讗专讬讗诇讛,f,manual_seed
讗专讬讛,m,manual_seed
讗专讬拽,m,manual_seed
讗专讬拽,m,manual_seed
讗专讬讗谉,m,manual_seed
讗专谞讜谉,m,manual_seed
讗砖专,m,manual_seed
讘讜注讝,m,manual_seed
讘谉,m,manual_seed
讘谞讬,m,manual_seed
讘谞讬诪讬谉,m,manual_seed
讘专讜讱,m,manual_seed
讘专拽,m,manual_seed
讘专讬讗谉,m,manual_seed
讘转 讗诇,f,manual_seed
讘转 讞谉,f,manual_seed
讘转 砖讘注,f,manual_seed
讘转讬讛,f,manual_seed
讙讗讬讛,f,manual_seed
讙讘讬,m,manual_seed
讙讘专讬讗诇,m,manual_seed
讙讘专讬讗诇讛,f,manual_seed
讙讚,m,manual_seed
讙讚讬,m,manual_seed
讙讚注讜谉,m,manual_seed
讙讜诇谉,m,manual_seed
讙讜专讬,m,manual_seed
讙讬讗,m,manual_seed
讙讬诇,m,manual_seed
讙讬诇讬,m,manual_seed
讙讬诇讬转,f,manual_seed
讙诇讬,f,manual_seed
讙讬转讬转,f,manual_seed
讙诇,m,manual_seed
讙诇注讚,m,manual_seed
讙讬诇讛,f,manual_seed
讙诇讬转,f,manual_seed
讙诇讬讛,f,manual_seed
讙诇讬谞讛,f,manual_seed
讙谞讚讬,m,manual_seed
讙专砖讜谉,m,manual_seed
讚讘,m,manual_seed
讚讘讬,f,manual_seed
讚讘讜专讛,f,manual_seed
讚讘讬专,m,manual_seed
讚讙谉,m,manual_seed
讚讜讚,m,manual_seed
讚讜讚讬,m,manual_seed
讚讜诇讘,m,manual_seed
讚讜拽讟讜专,m,manual_seed
讚讜专讬转,f,manual_seed
讚讜专,m,manual_seed
讚讜专讜谉,m,manual_seed
讚谞讬讗诇,m,manual_seed
讚谞讬讗诇讛,f,manual_seed
讚谞讛,f,manual_seed
讚谞讬,m,manual_seed
讚谞讬转,f,manual_seed
讚拽诇,m,manual_seed
讚专讜专,m,manual_seed
讛讗讙'专,f,manual_seed
讛讙专,f,manual_seed
讛讚专,f,manual_seed
讛讚住,f,manual_seed
讛讬诇讛,f,manual_seed
讛讬诇讬转,f,manual_seed
讛诇诇,m,manual_seed
讛专讗诇,m,manual_seed
讜讬讜讬讗谉,f,manual_seed
讜讬拽讟讜专,m,manual_seed
讜讬拽讟讜专讬讛,f,manual_seed
讜诇谞讟讬谞讛,f,manual_seed
讜诇专讬,m,manual_seed
讜专讚,f,manual_seed
讜专讚讛,f,manual_seed
讝讗讘,m,manual_seed
讝讛专,f,manual_seed
讝讛讘讛,f,manual_seed
讝讜讛专,m,manual_seed
讝讬讜,m,manual_seed
讝讬讜讛,f,manual_seed
讝讬谞讛,f,manual_seed
讝讻专讬讛,m,manual_seed
讞讘讬讘,m,manual_seed
讞讙讬,m,manual_seed
讞讜讛,f,manual_seed
讞讝讬,m,manual_seed
讞讝拽讬讛讜,m,manual_seed
讞讬讬诐,m,manual_seed
讞讬讛,f,manual_seed
讞诪讚讛,f,manual_seed
讞诪讜讟诇,f,manual_seed
讞谉,f,manual_seed
讞谞讛,f,manual_seed
讞谞谉,m,manual_seed
讞谞谞讬讛,m,manual_seed
讞住讬讚讛,f,manual_seed
讟讜讘讛,f,manual_seed
讟讜讘,m,manual_seed
讟讜讘讬讛,m,manual_seed
讟诇,m,manual_seed
讟诇讬讛,f,manual_seed
讟诇讬,f,manual_seed
讟诇讬诇讛,f,manual_seed
讟谞讬,f,manual_seed
讟谞讬讛,f,manual_seed
讬讗讬专,m,manual_seed
讬讗谉,m,manual_seed
讬讘讙谞讬,m,manual_seed
讬讘讙谞讬讛,f,manual_seed
讬讙讗诇,m,manual_seed
讬讙讬诇,m,manual_seed
讬讛讘,m,manual_seed
讬讛讜讚讛,m,manual_seed
讬讛讜讚讬转,f,manual_seed
讬讛讜谞转谉,m,manual_seed
讬讛讜砖注,m,manual_seed
讬讜讗讘,m,manual_seed
讬讜讗诇,m,manual_seed
讬讜讞讗讬,m,manual_seed
讬讜诇讬讛,f,manual_seed
讬讜住讬,m,manual_seed
讬讜住祝,m,manual_seed
讬讜住拽讛,m,manual_seed
讬讜专诐,m,manual_seed
讬讜转诐,m,manual_seed
讬讝讛专,m,manual_seed
讬讞讬讗诇,m,manual_seed
讬讬诇讬,m,manual_seed
讬讬谞讜谉,m,manual_seed
讬谞讗讬,m,manual_seed
讬谞讜谉,m,manual_seed
讬住诪讬谉,f,manual_seed
讬注诇,f,manual_seed
讬注诇讬,f,manual_seed
讬注拽讘,m,manual_seed
讬注专讛,f,manual_seed
讬注专讬转,f,manual_seed
讬驻注转,f,manual_seed
讬驻讬转,f,manual_seed
讬驻讛,f,manual_seed
讬驻讬诐,m,manual_seed
讬爪讞拽,m,manual_seed
讬专讚谉,m,manual_seed
讬专讚谞讛,f,manual_seed
讬专讜谉,m,manual_seed
讬专讬讘,m,manual_seed
讬专诪讬讛讜,m,manual_seed
讬砖讬,m,manual_seed
讬砖注讬讛讜,m,manual_seed
讬砖专讗诇,m,manual_seed
讬砖专讗诇讛,f,manual_seed
讬砖砖讻专,m,manual_seed
讬转讬专,m,manual_seed
讻讜讻讘讛,f,manual_seed
讻讜讻讘,m,manual_seed
讻诇讬诇,f,manual_seed
讻谞专转,f,manual_seed
诇讗讛,f,manual_seed
诇讗讜谞讬讚,m,manual_seed
诇讘讜谉,m,manual_seed
诇讘谞讛,f,manual_seed
诇讜讬,m,manual_seed
诇讜讗讬讝,f,manual_seed
诇讜专谉,f,manual_seed
诇讜专讛,f,manual_seed
诇讬讗诇,f,manual_seed
诇讬讗诐,m,manual_seed
诇讬讗谉,f,manual_seed
诇讬讗转,f,manual_seed
诇讬讗讜专,m,manual_seed
诇讬讗讜专讛,f,manual_seed
诇讬讚讜专,m,manual_seed
诇讬诇讱,f,manual_seed
诇讬诇讬,f,manual_seed
诇讬诪讜专,f,manual_seed
诇讬谉,f,manual_seed
诇讬谞讛,f,manual_seed
诇讬注讚,m,manual_seed
诇讬专,m,manual_seed
诇讬专讜谉,m,manual_seed
诇讬专讜谞讛,f,manual_seed
诇讬专讝,f,manual_seed
诇讬讛讬,f,manual_seed
诇讬讛,f,manual_seed
诇谞讬,f,manual_seed
诇专讛,f,manual_seed
诪讗讜专,m,manual_seed
诪讗讬,f,manual_seed
诪讗讬讛,f,manual_seed
诪讗讬专,m,manual_seed
诪讗专拽,m,manual_seed
诪讙谉,m,manual_seed
诪讜讟讬,m,manual_seed
诪讜诇讬,m,manual_seed
诪讜专谉,f,manual_seed
诪讜专讬,m,manual_seed
诪讬讛,f,manual_seed
诪讬讻讗诇,m,manual_seed
诪讬讻讗诇讛,f,manual_seed
诪讬讻诇,f,manual_seed
诪讬讻诇,f,manual_seed
诪讬拽讬,m,manual_seed
诪讬讻讛,m,manual_seed
诪讬专讘,f,manual_seed
诪讬专讬,f,manual_seed
诪讬专讬转,f,manual_seed
诪讬专诇讛,f,manual_seed
诪讬专讘,f,manual_seed
诪谞讞诐,m,manual_seed
诪住注讜讚,m,manual_seed
诪注讬讬谉,f,manual_seed
诪拽住讬诐,m,manual_seed
诪专讙诇讬转,f,manual_seed
诪专讚讻讬,m,manual_seed
诪专讬,f,manual_seed
诪专讬诐,f,manual_seed
诪专讬谞讛,f,manual_seed
诪专住诇,f,manual_seed
诪砖讛,m,manual_seed
诪转讬,m,manual_seed
诪转谉,m,manual_seed
诪转谞讗诇,m,manual_seed
诪转谞讬讛,f,manual_seed
谞讙讛,f,manual_seed
谞讚讘,m,manual_seed
谞讜讙讛,f,manual_seed
谞讜注诐,m,manual_seed
谞讜注讛,f,manual_seed
谞讜注讛,f,manual_seed
谞讜专讬转,f,manual_seed
谞讞讜诐,m,manual_seed
谞讞诪谉,m,manual_seed
谞讞诪讬讛,m,manual_seed
谞讬讘,m,manual_seed
谞讬爪谉,m,manual_seed
谞讬专,m,manual_seed
谞讬专讛,f,manual_seed
谞讬拽讜诇,f,manual_seed
谞讬转讗讬,m,manual_seed
谞诪专讜讚,m,manual_seed
谞住讬诐,m,manual_seed
谞注诪讬,f,manual_seed
谞注诪讛,f,manual_seed
谞注诪谉,m,manual_seed
谞驻转诇讬,m,manual_seed
谞转谉,m,manual_seed
谞转谞讗诇,m,manual_seed
谞转诇讬讛,f,manual_seed
住讗诇讬,f,manual_seed
住讘住讟讬讗谉,m,manual_seed
住讘讟诇谞讛,f,manual_seed
住讛专,m,manual_seed
住讜讝谉,f,manual_seed
住讜讝谞讛,f,manual_seed
住讜驻讬讛,f,manual_seed
住讟讗住,m,manual_seed
住讟诇讛,f,manual_seed
住讟讬讘,m,manual_seed
住讟讬讘谉,m,manual_seed
住讬讜谉,f,manual_seed
住讬诪讛,f,manual_seed
住讬诪讜谉,m,manual_seed
住讬谞讬,m,manual_seed
住谞讚讬,f,manual_seed
住注专,m,manual_seed
住驻讬专,f,manual_seed
住专讙讬讬,m,manual_seed
注讚讬,f,manual_seed
注讚谉,f,manual_seed
注讜讝,m,manual_seed
注讝专讗,m,manual_seed
注讝专讬讗诇,m,manual_seed
注讬讚谉,m,manual_seed
注讬讚讜,m,manual_seed
注讜诪专,m,manual_seed
注讜诪专讬,m,manual_seed
注讬讚讬转,f,manual_seed
注讜讝,m,manual_seed
注讜诪专讬转,f,manual_seed
注讬谞讘,f,manual_seed
注讬谞转,f,manual_seed
注诪讜住,m,manual_seed
注诪讬讛讜讚,m,manual_seed
注诪讬讞讬,m,manual_seed
注诪讬谞讚讘,m,manual_seed
注诪讬专,m,manual_seed
注诪讬转,m,manual_seed
注诪讬转讬,m,manual_seed
注谞讘诇,f,manual_seed
注谞转,f,manual_seed
注专谉,m,manual_seed
驻讗专,m,manual_seed
驻诇讙,m,manual_seed
驻谞讞住,m,manual_seed
驻谞讬谞讛,f,manual_seed
驻住讞,m,manual_seed
驻诇讜专讛,f,manual_seed
驻诇讬,m,manual_seed
驻谞讬谞讬转,f,manual_seed
驻专讞讬讛,f,manual_seed
驻专讬讚讛,f,manual_seed
驻专住讬,m,manual_seed
爪讘讬讛,f,manual_seed
爪讘讬,m,manual_seed
爪讬讜谉,m,manual_seed
爪讬驻讬,f,manual_seed
爪讬驻讜专讛,f,manual_seed
爪讜驻讬讛,f,manual_seed
爪讜祝,m,manual_seed
爪讞讬,m,manual_seed
爪讬诇讛,f,manual_seed
拽讗专讬谉,f,manual_seed
拽讜讘讬,m,manual_seed
拽讜诇讬谉,m,manual_seed
拽讟讬讛,f,manual_seed
拽讬诐,f,manual_seed
拽诇讬诇,f,manual_seed
拽诇专讛,f,manual_seed
拽专谉,f,manual_seed
拽住谞讬讛,f,manual_seed
专讗讜讘谉,m,manual_seed
专讗诐,m,manual_seed
专讘讬讘,m,manual_seed
专讘讬讚,m,manual_seed
专讙讘,m,manual_seed
专讜讬转,f,manual_seed
专讜讝,f,manual_seed
专讜讝讛,f,manual_seed
专讜诪讬,f,manual_seed
专讜诪谉,m,manual_seed
专讜谉,m,manual_seed
专讜谞讛,f,manual_seed
专讜谞讬,f,manual_seed
专讜谞讬转,f,manual_seed
专讜谞谉,m,manual_seed
专讜注讬,m,manual_seed
专讜讬转,f,manual_seed
专讜转诐,m,manual_seed
专讞诇,f,manual_seed
专讞诇讬,f,manual_seed
专讬讗谉,m,manual_seed
专讬讘讛,f,manual_seed
专讬谞讛,f,manual_seed
专讬谞转,f,manual_seed
专讬拽讬,f,manual_seed
专讬拽讛,f,manual_seed
专谞讬,m,manual_seed
专注讜转,f,manual_seed
专注讬讛,f,manual_seed
专注讬讛,f,manual_seed
专注诪讛,f,manual_seed
专驻讗诇,m,manual_seed
专驻讬,m,manual_seed
砖讗讜诇,m,manual_seed
砖讜诇讛,f,manual_seed
砖讜诇诪讬转,f,manual_seed
砖讜谉,m,manual_seed
砖讜谞讬,m,manual_seed
砖讜砖谞讛,f,manual_seed
砖讝讬祝,m,manual_seed
砖讞专,m,manual_seed
砖讞祝,f,manual_seed
砖讬,m,manual_seed
砖讬专,f,manual_seed
砖讬专讛,f,manual_seed
砖讬专讝,f,manual_seed
砖讬专诇讬,f,manual_seed
砖诪讜讗诇,m,manual_seed
砖诪讞讛,f,manual_seed
砖诪注讜谉,m,manual_seed
砖谞讬,f,manual_seed
砖谞讬专,m,manual_seed
砖专讗诇,m,manual_seed
砖专讛,f,manual_seed
砖专讜谉,m,manual_seed
砖专讜谉,f,manual_seed
砖专讬转,f,manual_seed
砖专诇讬,f,manual_seed
砖砖讜谉,m,manual_seed
转讗讬专,f,manual_seed
转讛诇,f,manual_seed
转讛诇讛,f,manual_seed
转讜诐,m,manual_seed
转讜诪专,m,manual_seed
转讜专谉,m,manual_seed
转讜转,f,manual_seed
转讬讗讜讚讜专,m,manual_seed
转诪讬,f,manual_seed
转诪讬专,m,manual_seed
转诪专,f,manual_seed
转诪专讛,f,manual_seed
转谞讬讗,f,manual_seed
转拽讜讛,f,manual_seed
讗讘讬专诐,m,manual_seed
讗讘讬转专,m,manual_seed
讗讚讬专,m,manual_seed
讗讚诪讜谉,m,manual_seed
讗讛讘讛,f,manual_seed
讗讜专讜谉,m,manual_seed
讗讜专诇讬,f,manual_seed
讗讬讙讜专,m,manual_seed
讗讬诇讜谉,m,manual_seed
讗诇注讬,m,manual_seed
讗诇讻住谞讚专,m,manual_seed
讗诇讻住讬讬,m,manual_seed
讗诇拽谞讛,m,manual_seed
讗诇专讜谉,m,manual_seed
讗诇专讜注讬,m,manual_seed
讗专讟讬讜诐,m,manual_seed
讗专拽讚讬,m,manual_seed
讗谞讚专讬讬,m,manual_seed
讗谞讟讜谉,m,manual_seed
讗住祝,m,manual_seed
讗专谞谉,m,manual_seed
讗砖讬,m,manual_seed
讘谉 爪讬讜谉,m,manual_seed
讘谉 注诪讬,m,manual_seed
讘谞爪讬讜谉,m,manual_seed
讘专讜专讬讛,f,manual_seed
讘专讻讛,f,manual_seed
讘诇讛,f,manual_seed
讘讬讗讟专讬住,f,manual_seed
讘讬讘讬,m,manual_seed
讙讜讗诇,m,manual_seed
讙讬讚讬,m,manual_seed
讙诇注讚讬,m,manual_seed
讙专爪讬讗诇讛,f,manual_seed
讚讜专讛,f,manual_seed
讚诇讬讛,f,manual_seed
讚诇讬转,f,manual_seed
讚拽诇讛,f,manual_seed
讚拽诇讬,m,manual_seed
讚诪讬讟专讬,m,manual_seed
讚讬诪讛,m,manual_seed
讛讬诇讬,f,manual_seed
讛诇谉,f,manual_seed
讛诇谞讛,f,manual_seed
讛谞讬讛,f,manual_seed
讝讛讘讬转,f,manual_seed
讝讬讜讬转,f,manual_seed
讞讜讛'诇讛,f,manual_seed
讞诇讬讘讛,f,manual_seed
讞诪讚讛,f,manual_seed
讟讜讘讬讛,m,manual_seed
讟诇讬讛,f,manual_seed
讟诇讬讗谉,f,manual_seed
讬讛诇,m,manual_seed
讬讜谞讛,m,manual_seed
讬住专,m,manual_seed
讬驻转,m,manual_seed
讬拽讬专,m,manual_seed
讬专讜讞诐,m,manual_seed
讬专诪讬,m,manual_seed
讬砖注讬,m,manual_seed
讻谞注谉,m,manual_seed
讻驻讬专,m,manual_seed
讻专诪讬转,f,manual_seed
讻专诪诇讛,f,manual_seed
诇讘,m,manual_seed
诇讘谉,m,manual_seed
诇讬讗讜谉,m,manual_seed
诇讬讗转,f,manual_seed
诇讬讗诇,f,manual_seed
诇讬讚讜专,f,manual_seed
诇讜专谉,m,manual_seed
诪讗讬专,m,manual_seed
诪讘讜专讱,m,manual_seed
诪讘砖专,m,manual_seed
诪讜讚讬,m,manual_seed
诪讬诇讬,f,manual_seed
诪讬专讛,f,manual_seed
诪讬专讬讗诐,f,manual_seed
诪诇讻讛,f,manual_seed
诪谞砖讛,m,manual_seed
诪住注讜讚,m,manual_seed
诪砖讜诇诐,m,manual_seed
谞讗讜讛,f,manual_seed
谞讗讜专,m,manual_seed
谞讚讬讛,f,manual_seed
谞讟诇讬,f,manual_seed
谞讟注,f,manual_seed
谞讬爪讞,m,manual_seed
谞爪讞,m,manual_seed
谞讜专讬转,f,manual_seed
住讜讝讬,f,manual_seed
住讜谞讬讛,f,manual_seed
住住讬诇讬讛,f,manual_seed
住讬讬讚,m,manual_seed
住诪讚专,f,manual_seed
住诪讬,m,manual_seed
住住讜谉,m,manual_seed
注讘专讬,m,manual_seed
注讚讛,f,manual_seed
注讚讬谞讛,f,manual_seed
注讜讝,m,manual_seed
注讜诪专,m,manual_seed
注讬讟专,f,manual_seed
注讬讚讗诇,m,manual_seed
注讬谞转,f,manual_seed
注诇诪讛,f,manual_seed
注诇讬讝讛,f,manual_seed
注驻专,m,manual_seed
注驻专讛,f,manual_seed
注专讘讛,f,manual_seed
注专讙讛,f,manual_seed
驻讬讬讙讬,f,manual_seed
驻诇讬拽住,m,manual_seed
驻专诇,f,manual_seed
驻谞讬谞讛,f,manual_seed
爪讬诇讛,f,manual_seed
爪讬驻讬,f,manual_seed
拽诇专讛,f,manual_seed
专讙讬谞讛,f,manual_seed
专讜讘讬,m,manual_seed
专讜讞诪讛,f,manual_seed
专讜谞讬,m,manual_seed
专讜转诐,f,manual_seed
专讞诇讬,f,manual_seed
专讬谞讛,f,manual_seed
专注讜转,f,manual_seed
专注谞谉,m,manual_seed
砖讙讘,m,manual_seed
砖讙讬讗,m,manual_seed
砖讬诇讛,f,manual_seed
砖讬专讝,m,manual_seed
砖诇诪讛,m,manual_seed
砖诪讜诇讬拽,m,manual_seed
砖诪砖讜谉,m,manual_seed
砖专讙讗,m,manual_seed
转讬专,m,manual_seed
转讜专,m,manual_seed
转讜专谉,m,manual_seed
讬讬讟讛,f,manual_seed
讬拽讬专讛,f,manual_seed
讗专讬讗诇,f,manual_seed
讗讛讜讘讛,f,manual_seed
讗讬讬诇讜谉,f,manual_seed
讗讬诇谞讬转,f,manual_seed
讗讬谞讚讬讛,f,manual_seed
讗讬专讬转,f,manual_seed
讗诇讛,f,manual_seed
讗诇讻住谞讚专讛,f,manual_seed
讗诇诪讛,f,manual_seed
讗诪讬诇讬讛,f,manual_seed
讗住讟专,f,manual_seed
讘专拽转,f,manual_seed
讘专讟讛,f,manual_seed
讚讜专讬转,f,manual_seed
讚专讬讛,f,manual_seed
讛讬诇讬转,f,manual_seed
讜讬住讬,m,manual_seed
讜诇讚讬诪讬专,m,manual_seed
讝讛专,m,manual_seed
讝讜讛专,f,manual_seed
讟讛专,m,manual_seed
讬讗讬专,m,manual_seed
讬讗谞讛,f,manual_seed
讬讗砖讛,m,manual_seed
讬讜谞转,f,manual_seed
讬讜转诐,m,manual_seed
讬讞讝拽讗诇,m,manual_seed
讬谞讗讬,m,manual_seed
讬谞讜谉,m,manual_seed
讬拽讜转讬讗诇,m,manual_seed
讬专讚谞讛,f,manual_seed
讬砖注讬讛讜,m,manual_seed
诇讗讜谉,m,manual_seed
诇讜讟诐,m,manual_seed
诇讜住讬,f,manual_seed
诇讬讗转,f,manual_seed
诇讬讘讬,f,manual_seed
诇讬诇讱,f,manual_seed
诇讬诪讜专,f,manual_seed
诇讬专讝,m,manual_seed
诇讬专讬,f,manual_seed
诪讗砖讛,f,manual_seed
诪讜诇讬,f,manual_seed
诪讜专谉,m,manual_seed
诪讟讬诇讚讛,f,manual_seed
诪讬讟诇,f,manual_seed
诪讬转专,f,manual_seed
诪谞讚讬,m,manual_seed
诪专讬诐,f,manual_seed
谞讟诇讬讛,f,manual_seed
谞讬诇,m,manual_seed
谞讬诇讬,f,manual_seed
谞讬爪谉,f,manual_seed
谞讬专,f,manual_seed
谞爪谉,m,manual_seed
住讘讟讛,f,manual_seed
住讘讬谞讛,f,manual_seed
住讛专,f,manual_seed
住讬讙诇,f,manual_seed
住讬诇讘讬,f,manual_seed
住讬诇讘讬讛,f,manual_seed
住讬谞讬讛,f,manual_seed
住驻讬专,m,manual_seed
注讚讬谞讛,f,manual_seed
注诪诇讬讛,f,manual_seed
注驻专讬,f,manual_seed
注专讘讬转,f,manual_seed
驻讗谞讬,f,manual_seed
驻讜诇讬谞讛,f,manual_seed
驻专讬讚讛,f,manual_seed
爪讬讜谉,f,manual_seed
拽讗专谉,f,manual_seed
拽专讬谉,f,manual_seed
专讗讬住讛,f,manual_seed
专讙讚,f,manual_seed
专讬谞转,m,manual_seed
砖讙讬转,f,manual_seed
砖讜诇诪讬转,f,manual_seed
砖谞讬,m,manual_seed
砖谞讬专讬转,f,manual_seed
砖拽讚,f,manual_seed
砖拽讚,m,manual_seed
转讛诇,m,manual_seed
转讗讬专,m,manual_seed
转驻讗专转,f,manual_seed
